ISBN,ISBN10,Title,Subtitle,Author,Contributors,Genre,Category,Subjects,Publisher,Publisher_Source,Publish_Year,Publish_Place,Language,Pages,Format,Series,Edition,Translated_From,Description,Dewey,LCC,OCLC,OpenLibrary_Work,Goodreads_ID,Wikidata,Metadata_Source,Reason,Detected_Language,File
9786259387703,6259387709,The Abrogation Issue,,Aabedan.org,,,,Islam; Quran; Abrogation,,,2025,,eng,,,,,,,,,,,,,internet_archive,Existing file non-Turkish,en 100%,texts/Aabedan.org/The Abrogation Issue.txt
9786057228512,6057228510,Semanticheskie i strukturnye osobennosti leksiko-frazeologicheskogo polja «trudovaja dejatel''nost'' cheloveka» v sovremennom russkom jazyke,,Aynur Ağören,,,,semantics; linguistics,Artsurem,record,2022,,rus,,,,,,,,,,,,,internet_archive,Existing file non-Turkish,ru 100%,texts/Aynur Ağören/Semanticheskie i strukturnye osobennosti leksiko-frazeologicheskogo polja «trudovaja dejatel''nost'' cheloveka» v sovrem.txt
9789753153447,9753153449,Riwāyat ʻawdat al-fursān,sīrat Muḥammad Fatḥ Allāh Kūlīn rāʼid al-fursān al-qādimīn min warāʼ al-ghayb,Farīd Anṣārī,,,,رواية; عودة; الفرسان; سيرة; محمد; فتح; الله; كولن; رائد; القادمين; وراء; الغيب; فريد; الأنصاري,Dār al-Nīl,record,2010,"Madīnat Naṣr, al-Qāhirah",ara,343,,,al-Ṭabʻah 1,,Farīd Al-anṣārī. Novel. Novel. فريد الأنصاري.,,,655292915,https://openlibrary.org/works/OL33367131W,,,openlibrary; isbndb; google_books; internet_archive,Existing file non-Turkish,ar 100%,texts/Farīd Anṣārī/Riwāyat ʻawdat al-fursān.txt
9786058067974,6058067979,Başbuğ Fırat 2021,,Firat Basbug,,,,chulym turkic; chulym language; postposition,Artsurem,record,2021,,rus,,,,,,,,,,,,,internet_archive,Existing file non-Turkish,ru 100%,texts/Firat Basbug/Başbuğ Fırat 2021.txt
9786057129406,6057129407,Şîvenâme-i İstinâddehî be Reveş-i İSNAD,,Oku Okut Yayınları,,,,İSNAD Atıf Sistemi 2. Edisyon,Oku Okut Yayınları,isbn_prefix,,,per,,,,,,,,,,,,,internet_archive,Existing file non-Turkish,fa 100%,texts/Oku Okut Yayınları/Şîvenâme-i İstinâddehî be Reveş-i İSNAD.txt
9789944396271,9944396273,"Spectral World Musics , Proceedings of the Istanbul Spectral Music Conference",,Robert Reigle (editor); Pieter Snapper (editor),,,,Timbre; Ethnomusicology; Musicology; Spectral music; Composition (Music); Performance (Music); Improvisation (Music); Tone color (Music) Congresses; Spectral music (History and criticism) Congresses,Pan Yayincilik,record,2008,,tr,457,paperback,,1,,,,,,https://openlibrary.org/works/OL20889681W,,,openlibrary; isbndb; openlibrary; internet_archive,Existing file non-Turkish,en 100%,"texts/Robert Reigle (editor)/Spectral World Musics , Proceedings of the Istanbul Spectral Music Conference.txt"
9786250028254,6250028250,THE SPRING KINGDOM,,Talha Kaplan & Cemre Melek Küçük,,,,Fantastic; Magical Realism; Children; Theatre,başıbozuk e-yayıncılık,isbn_prefix,2025,,eng,,,,,,,,,,,,,internet_archive,Existing file non-Turkish,en 100%,texts/Talha Kaplan & Cemre Melek Küçük/THE SPRING KINGDOM.txt
9789753156486,9753156480,سليمان القانوني سلطان البرين والبحرين حقائق في ضوءالمصادر,,"امجان, فريدون، author",,,,"سليمان; القانوني; سلطان; البرين; البحرين; حقائق; ضوء; المصادر; فريدون; أمجان; جمال; فاروق; أحمد; كمال; Süleyman I, Sultan of the Turks, 1494 or 1495-1566; Sultans -- Turkey -- Biography; Sultans; Turkey -- History -- Süleyman I, 1520-1566; Empire ottoman -- Histoire -- 1520-1566 (Soliman Ier); Turkey",دار النيل للطباعة والنشر،,record,2013,,ar,,,,"Qahirah, 2013",,,,,,,,https://www.wikidata.org/wiki/Q134600176,worldcat; wikidata; internet_archive,Existing file non-Turkish,ar 100%,"texts/امجان, فريدون، author/سليمان القانوني سلطان البرين والبحرين حقائق في ضوءالمصادر.txt"
9789753155373,9753155379,التطور.. نظرية علمية أم أيديولوجيا؟,,عرفان يلماز; رشا حسن; محسن هويدي; وليد علي أبو شعير,,,,التطور; نظرية; علمية; أيديولوجيا; عرفان; يلماز; رشا; حسن; محسن; هويدي; وليد; علي; أبوشعير,دار النيل,record,2013,,ara,,,,,,,,,,,,,internet_archive,Existing file non-Turkish,ar 100%,texts/عرفان يلماز/التطور.. نظرية علمية أم أيديولوجيا؟.txt
9789753155403,9753155409,شاي تركي من فضلك - تركيا من الماضي الي الحاضر,,كثرين براننج,,,,شاي; تركي; فضلك; تركيا; الماضي; الحاضر; كاثرين; براننج; أسماء; عادل,Burujbooks,record,2013,,tr,432,,,,,يحتوي هذا الكتاب على رسائل بعثت بها خيالًا السيدة كاثرين براننج (katharine Branning) إلى السيدة ماري مونتاجيو عام (1689م - 1762م)، تستعرض فيها الانطباعات التي أخذتها عن تركيا والأتراك طيلة ثلاثين عاما كاملة كانت تتردد فيها على تركيا. والسيدة ماري مونتاجيو هي زوجة سفير انجليزي عاش في تركيا في القرن الثامن عشر. قضت معه في تركيا ثلاثة عشر شهرًا ترسل فيها لصديقاتها وأسرتها رسائل تفصّل فيها مشاهداتها في هذا البلد، وقد نُشرت هذه المراسلات بعد وفاتها بعنوان «رسائل السفارة». وأهم ما تتميز به هذه الرسائل أنها تنقل الأحداث والوقائع كما هي دون مواربة. هذا وقد بدأت رحلة كاثرين براننج في تركيا والتي استمرت قرابة ثلاثين عاما بعد رؤيتها في الفصل الدراسي بفرنسا صورةً لمدرسة «جوك» الكائنة في «سيواس» بتركيا. ورغم أن هناك ثلاثة قرون بين الرَّحالتين الغربيتين إلا أن مشاهداتهما تلتقي في تصوير تركيا كيف كانت وكيف هي الآن. وتشرح الكاتبة سبب تحريرها لهذا الكتاب فتقول: «وهذه الرسائل هي تعبيرٌ بسيط عن مدى حبي وتقديري لتركيا وشعبها، وردًّا على آلاف الأكواب من الشاي التي قُدمت إليّ خلال ثلاثين سنة قضيتها في تركيا.»,,,,,,,isbndb; internet_archive,Existing file non-Turkish,ar 100%,texts/كثرين براننج/شاي تركي من فضلك - تركيا من الماضي الي الحاضر.txt
9781234567897,123456789X,Tirai bambu,kumpulan puisi baru Tiongkok,Charles Avery,,,Music,"Emigration and immigration; Cantabrians; History; Angels in art; Turkish literature; History and criticism; Turkish Authors; Interviews; Arabic poetry; Theory; Arabic literature; Western influences; Arab Poets; Criticism; Arabic Satire; Irony in literature; Criticism and interpretation; Arabic fiction; Arabic language; Versification; Rhythm; Rhetoric; Immigrants' writings, Arabic; Rābiṭah al-Qalamīyah; Social sciences",Titian; GPROMAT; EPS; Kurumuny,record,2006,Bandung,ind; fre; eng; spa; ara; rus; per; tur; urd; ita; ger,258,,,,,"The God, state and economy in Eurasia language; history and criticism.",,MLCME 2006/00119 (P); F1419.C3 L66 2013; NB623.G465 A84 2012,879034604; 798566217; 890270967; 1293856030; 1316837243,https://openlibrary.org/works/OL27962961W,,,openlibrary,Downloaded text non-Turkish,ru 100%,
9781783749423,1783749423,Handbook and Reader of Ottoman Arabic,,Esther-Miriam Wagner,,,Language & literature,"Historical linguistics; Bible, biography; Arabic language; Readers; Turkish language; Written Turkish; Study and teaching",Open Book Publishers,record,2021,,eng; ara; ota,463,,,,,"This volume is the first linguistic work to focus exclusively on varieties of Christian, Jewish and Muslim Arabic in the Ottoman Empire of the 15th to the 20th centuries, and present Ottoman Arabic material in a didactic and easily accessible way.",,PJ7624 .H35 2021; PJ7624 .H354 2021,1268148008,https://openlibrary.org/works/OL26832867W,,,openlibrary,Downloaded text non-Turkish,en 100%,
