ISBN,Title,Author,Reason,Time
9780002613323,"Iron earth, copper sky",Yaşar Kemal,openlibrary: 404 Client Error: Not Found for url: https://openlibrary.org/api/books?bibkeys=ISBN%3A9780002613323%2CISBN%3A9780002614511%2CISBN%3A9780002614528%2CISBN%3A9780002615075%2CISBN%3A9780002618205%2CISBN%3,2026-09-26T19:50:33+00:00
9780002614511,The legend of Ararat,Yaşar Kemal,openlibrary: 404 Client Error: Not Found for url: https://openlibrary.org/api/books?bibkeys=ISBN%3A9780002613323%2CISBN%3A9780002614511%2CISBN%3A9780002614528%2CISBN%3A9780002615075%2CISBN%3A9780002618205%2CISBN%3,2026-09-26T19:50:33+00:00
9780002614528,The legend of the thousand bulls,Yaşar Kemal,openlibrary: 404 Client Error: Not Found for url: https://openlibrary.org/api/books?bibkeys=ISBN%3A9780002613323%2CISBN%3A9780002614511%2CISBN%3A9780002614528%2CISBN%3A9780002615075%2CISBN%3A9780002618205%2CISBN%3,2026-09-26T19:50:33+00:00
9780002615075,They burn the thistles,Yaşar Kemal,openlibrary: 404 Client Error: Not Found for url: https://openlibrary.org/api/books?bibkeys=ISBN%3A9780002613323%2CISBN%3A9780002614511%2CISBN%3A9780002614528%2CISBN%3A9780002615075%2CISBN%3A9780002618205%2CISBN%3,2026-09-26T19:50:33+00:00
9780002618205,The undying grass,Yaşar Kemal,openlibrary: 404 Client Error: Not Found for url: https://openlibrary.org/api/books?bibkeys=ISBN%3A9780002613323%2CISBN%3A9780002614511%2CISBN%3A9780002614528%2CISBN%3A9780002615075%2CISBN%3A9780002618205%2CISBN%3,2026-09-26T19:50:33+00:00
9780003700886,Climb A Lonely Hill,Lilith Norman,openlibrary: 404 Client Error: Not Found for url: https://openlibrary.org/api/books?bibkeys=ISBN%3A9780002613323%2CISBN%3A9780002614511%2CISBN%3A9780002614528%2CISBN%3A9780002615075%2CISBN%3A9780002618205%2CISBN%3,2026-09-26T19:50:33+00:00
9780003700947,The Canterville Ghost,Oscar Wilde,openlibrary: 404 Client Error: Not Found for url: https://openlibrary.org/api/books?bibkeys=ISBN%3A9780002613323%2CISBN%3A9780002614511%2CISBN%3A9780002614528%2CISBN%3A9780002615075%2CISBN%3A9780002618205%2CISBN%3,2026-09-26T19:50:33+00:00
9780004720494,Collins Gem Turkish Phrase Finder,,openlibrary: 404 Client Error: Not Found for url: https://openlibrary.org/api/books?bibkeys=ISBN%3A9780002613323%2CISBN%3A9780002614511%2CISBN%3A9780002614528%2CISBN%3A9780002615075%2CISBN%3A9780002618205%2CISBN%3,2026-09-26T19:50:33+00:00
9780006900900,Turkish New Testament,American Bible Society,openlibrary: 404 Client Error: Not Found for url: https://openlibrary.org/api/books?bibkeys=ISBN%3A9780002613323%2CISBN%3A9780002614511%2CISBN%3A9780002614528%2CISBN%3A9780002615075%2CISBN%3A9780002618205%2CISBN%3,2026-09-26T19:50:33+00:00
9780007201167,Turkish Phrase Book (Collins Gem Series),Collins,openlibrary: 404 Client Error: Not Found for url: https://openlibrary.org/api/books?bibkeys=ISBN%3A9780002613323%2CISBN%3A9780002614511%2CISBN%3A9780002614528%2CISBN%3A9780002615075%2CISBN%3A9780002618205%2CISBN%3,2026-09-26T19:50:33+00:00
9780007201174,Gem Turkish Phrase Book (Collins Gem Series),Collins,openlibrary: 404 Client Error: Not Found for url: https://openlibrary.org/api/books?bibkeys=ISBN%3A9780002613323%2CISBN%3A9780002614511%2CISBN%3A9780002614528%2CISBN%3A9780002615075%2CISBN%3A9780002618205%2CISBN%3,2026-09-26T19:50:33+00:00
9780007264605,Collins Turkish phrasebook and dictionary,,openlibrary: 404 Client Error: Not Found for url: https://openlibrary.org/api/books?bibkeys=ISBN%3A9780002613323%2CISBN%3A9780002614511%2CISBN%3A9780002614528%2CISBN%3A9780002615075%2CISBN%3A9780002618205%2CISBN%3,2026-09-26T19:50:33+00:00
9780007312108,What would Google do?,"Jarvis, Jeff, 1954-",openlibrary: 404 Client Error: Not Found for url: https://openlibrary.org/api/books?bibkeys=ISBN%3A9780002613323%2CISBN%3A9780002614511%2CISBN%3A9780002614528%2CISBN%3A9780002615075%2CISBN%3A9780002618205%2CISBN%3,2026-09-26T19:50:33+00:00
9780007324712,Collins Gem Turkish Dictionary,HarperCollins,openlibrary: 404 Client Error: Not Found for url: https://openlibrary.org/api/books?bibkeys=ISBN%3A9780002613323%2CISBN%3A9780002614511%2CISBN%3A9780002614528%2CISBN%3A9780002615075%2CISBN%3A9780002618205%2CISBN%3,2026-09-26T19:50:33+00:00
9780023437427,Precalculus : enhanced with graphing utilities,Michael Sullivan,openlibrary: 404 Client Error: Not Found for url: https://openlibrary.org/api/books?bibkeys=ISBN%3A9780002613323%2CISBN%3A9780002614511%2CISBN%3A9780002614528%2CISBN%3A9780002615075%2CISBN%3A9780002618205%2CISBN%3,2026-09-26T19:50:33+00:00
9780060806613,Dear daughter dead,S. B. Hough,openlibrary: 404 Client Error: Not Found for url: https://openlibrary.org/api/books?bibkeys=ISBN%3A9780002613323%2CISBN%3A9780002614511%2CISBN%3A9780002614528%2CISBN%3A9780002615075%2CISBN%3A9780002618205%2CISBN%3,2026-09-26T19:50:33+00:00
9780061709715,What would Google do?,"Jarvis, Jeff, 1954-",openlibrary: 404 Client Error: Not Found for url: https://openlibrary.org/api/books?bibkeys=ISBN%3A9780002613323%2CISBN%3A9780002614511%2CISBN%3A9780002614528%2CISBN%3A9780002615075%2CISBN%3A9780002618205%2CISBN%3,2026-09-26T19:50:33+00:00
9780070506312,Biology: bringing science to life,John H Postlethwait,openlibrary: 404 Client Error: Not Found for url: https://openlibrary.org/api/books?bibkeys=ISBN%3A9780002613323%2CISBN%3A9780002614511%2CISBN%3A9780002614528%2CISBN%3A9780002615075%2CISBN%3A9780002618205%2CISBN%3,2026-09-26T19:50:33+00:00
9780070940888,The physiology of plant growth and development,Malcolm B. Wilkins,openlibrary: 404 Client Error: Not Found for url: https://openlibrary.org/api/books?bibkeys=ISBN%3A9780002613323%2CISBN%3A9780002614511%2CISBN%3A9780002614528%2CISBN%3A9780002615075%2CISBN%3A9780002618205%2CISBN%3,2026-09-26T19:50:33+00:00
9780071001236,Introduction to optimum design,Jaspir S Arora,openlibrary: 404 Client Error: Not Found for url: https://openlibrary.org/api/books?bibkeys=ISBN%3A9780002613323%2CISBN%3A9780002614511%2CISBN%3A9780002614528%2CISBN%3A9780002615075%2CISBN%3A9780002618205%2CISBN%3,2026-09-26T19:50:33+00:00
9780071434232,Teach yourself Turkish,David Pollard,openlibrary: 404 Client Error: Not Found for url: https://openlibrary.org/api/books?bibkeys=ISBN%3A9780002613323%2CISBN%3A9780002614511%2CISBN%3A9780002614528%2CISBN%3A9780002615075%2CISBN%3A9780002618205%2CISBN%3,2026-09-26T19:50:33+00:00
9780072022018,Kabulünün 100. Yılında İstiklal Marşı ve Mehmet Akif,Arzu Terzi; Sinem Serin,openlibrary: 404 Client Error: Not Found for url: https://openlibrary.org/api/books?bibkeys=ISBN%3A9780002613323%2CISBN%3A9780002614511%2CISBN%3A9780002614528%2CISBN%3A9780002615075%2CISBN%3A9780002618205%2CISBN%3,2026-09-26T19:50:33+00:00
9780091473501,Managing tax in your business,R. M Walters,openlibrary: 404 Client Error: Not Found for url: https://openlibrary.org/api/books?bibkeys=ISBN%3A9780002613323%2CISBN%3A9780002614511%2CISBN%3A9780002614528%2CISBN%3A9780002615075%2CISBN%3A9780002618205%2CISBN%3,2026-09-26T19:50:33+00:00
9780101354523,"Treaty Series, 1997 (Command Paper)",,openlibrary: 404 Client Error: Not Found for url: https://openlibrary.org/api/books?bibkeys=ISBN%3A9780002613323%2CISBN%3A9780002614511%2CISBN%3A9780002614528%2CISBN%3A9780002615075%2CISBN%3A9780002618205%2CISBN%3,2026-09-26T19:50:33+00:00
9780117064683,Global standart gida gèvenligi Iðin,British Retail Consortium,openlibrary: 404 Client Error: Not Found for url: https://openlibrary.org/api/books?bibkeys=ISBN%3A9780002613323%2CISBN%3A9780002614511%2CISBN%3A9780002614528%2CISBN%3A9780002615075%2CISBN%3A9780002618205%2CISBN%3,2026-09-26T19:50:33+00:00
9780122341014,M-Schv,,openlibrary: 404 Client Error: Not Found for url: https://openlibrary.org/api/books?bibkeys=ISBN%3A9780002613323%2CISBN%3A9780002614511%2CISBN%3A9780002614528%2CISBN%3A9780002615075%2CISBN%3A9780002618205%2CISBN%3,2026-09-26T19:50:33+00:00
9780130368898,"Şu Bizim Gazipaşa ; ve, İsmet Paşalı yıllar : anı, röportaj","Otyam, Fikret; Otyam, Fikret. İsmet Paşalı yıllar. 1984",openlibrary: 404 Client Error: Not Found for url: https://openlibrary.org/api/books?bibkeys=ISBN%3A9780002613323%2CISBN%3A9780002614511%2CISBN%3A9780002614528%2CISBN%3A9780002615075%2CISBN%3A9780002618205%2CISBN%3,2026-09-26T19:50:33+00:00
9780132013765,Design of reinforced concrete structures,Henry J Cowan,openlibrary: 404 Client Error: Not Found for url: https://openlibrary.org/api/books?bibkeys=ISBN%3A9780002613323%2CISBN%3A9780002614511%2CISBN%3A9780002614528%2CISBN%3A9780002615075%2CISBN%3A9780002618205%2CISBN%3,2026-09-26T19:50:33+00:00
9780133149234,Finance theory,Robert A Jarrow,openlibrary: 404 Client Error: Not Found for url: https://openlibrary.org/api/books?bibkeys=ISBN%3A9780002613323%2CISBN%3A9780002614511%2CISBN%3A9780002614528%2CISBN%3A9780002615075%2CISBN%3A9780002618205%2CISBN%3,2026-09-26T19:50:33+00:00
9780133832334,Harrap's Turkish phrase book,,openlibrary: 404 Client Error: Not Found for url: https://openlibrary.org/api/books?bibkeys=ISBN%3A9780002613323%2CISBN%3A9780002614511%2CISBN%3A9780002614528%2CISBN%3A9780002615075%2CISBN%3A9780002618205%2CISBN%3,2026-09-26T19:50:33+00:00
9780135976425,Modern short stories in english,"Dixon, Robert J; Maltese, Connie",openlibrary: 404 Client Error: Not Found for url: https://openlibrary.org/api/books?bibkeys=ISBN%3A9780002613323%2CISBN%3A9780002614511%2CISBN%3A9780002614528%2CISBN%3A9780002615075%2CISBN%3A9780002618205%2CISBN%3,2026-09-26T19:50:33+00:00
9780140422269,The Penguin book of Turkish verse,Fahir İz,openlibrary: 404 Client Error: Not Found for url: https://openlibrary.org/api/books?bibkeys=ISBN%3A9780002613323%2CISBN%3A9780002614511%2CISBN%3A9780002614528%2CISBN%3A9780002615075%2CISBN%3A9780002618205%2CISBN%3,2026-09-26T19:50:33+00:00
9780140440140,The Iliad,Όμηρος,openlibrary: 404 Client Error: Not Found for url: https://openlibrary.org/api/books?bibkeys=ISBN%3A9780002613323%2CISBN%3A9780002614511%2CISBN%3A9780002614528%2CISBN%3A9780002615075%2CISBN%3A9780002618205%2CISBN%3,2026-09-26T19:50:33+00:00
9780140621044,The jungle books,"Kipling, Rudyard, 1865-1936",openlibrary: 404 Client Error: Not Found for url: https://openlibrary.org/api/books?bibkeys=ISBN%3A9780002613323%2CISBN%3A9780002614511%2CISBN%3A9780002614528%2CISBN%3A9780002615075%2CISBN%3A9780002618205%2CISBN%3,2026-09-26T19:50:33+00:00
9780170053747,Bahçede bir köpek var,Lorraine Wilson,openlibrary: 404 Client Error: Not Found for url: https://openlibrary.org/api/books?bibkeys=ISBN%3A9780002613323%2CISBN%3A9780002614511%2CISBN%3A9780002614528%2CISBN%3A9780002615075%2CISBN%3A9780002618205%2CISBN%3,2026-09-26T19:50:33+00:00
9780170056953,Tony'nin hayvanat bahçesinde kaybolduğu gün,Lorraine Wilson,openlibrary: 404 Client Error: Not Found for url: https://openlibrary.org/api/books?bibkeys=ISBN%3A9780002613323%2CISBN%3A9780002614511%2CISBN%3A9780002614528%2CISBN%3A9780002615075%2CISBN%3A9780002618205%2CISBN%3,2026-09-26T19:50:33+00:00
9780170056984,Öğretmen gülümsedi,Lorraine Wilson,openlibrary: 404 Client Error: Not Found for url: https://openlibrary.org/api/books?bibkeys=ISBN%3A9780002613323%2CISBN%3A9780002614511%2CISBN%3A9780002614528%2CISBN%3A9780002615075%2CISBN%3A9780002618205%2CISBN%3,2026-09-26T19:50:33+00:00
9780170056991,City Kids,Lorraine Wilson,openlibrary: 404 Client Error: Not Found for url: https://openlibrary.org/api/books?bibkeys=ISBN%3A9780002613323%2CISBN%3A9780002614511%2CISBN%3A9780002614528%2CISBN%3A9780002615075%2CISBN%3A9780002618205%2CISBN%3,2026-09-26T19:50:33+00:00
9780170057004,Sinifimizda Fareler Var,Lorraine Wilson,openlibrary: 404 Client Error: Not Found for url: https://openlibrary.org/api/books?bibkeys=ISBN%3A9780002613323%2CISBN%3A9780002614511%2CISBN%3A9780002614528%2CISBN%3A9780002615075%2CISBN%3A9780002618205%2CISBN%3,2026-09-26T19:50:33+00:00
9780194216302,The Piano,Rosemary Border,openlibrary: 404 Client Error: Not Found for url: https://openlibrary.org/api/books?bibkeys=ISBN%3A9780002613323%2CISBN%3A9780002614511%2CISBN%3A9780002614528%2CISBN%3A9780002615075%2CISBN%3A9780002618205%2CISBN%3,2026-09-26T19:50:33+00:00
9780194216401,The Elephantman,Tim Vicary,openlibrary: 404 Client Error: Not Found for url: https://openlibrary.org/api/books?bibkeys=ISBN%3A9780002613323%2CISBN%3A9780002614511%2CISBN%3A9780002614528%2CISBN%3A9780002615075%2CISBN%3A9780002618205%2CISBN%3,2026-09-26T19:50:33+00:00
9780194313810,Oxford Photo Dictionary,,openlibrary: 404 Client Error: Not Found for url: https://openlibrary.org/api/books?bibkeys=ISBN%3A9780002613323%2CISBN%3A9780002614511%2CISBN%3A9780002614528%2CISBN%3A9780002615075%2CISBN%3A9780002618205%2CISBN%3,2026-09-26T19:50:33+00:00
9780194314480,Oxford Turkiye,Helen Warren,openlibrary: 404 Client Error: Not Found for url: https://openlibrary.org/api/books?bibkeys=ISBN%3A9780002613323%2CISBN%3A9780002614511%2CISBN%3A9780002614528%2CISBN%3A9780002615075%2CISBN%3A9780002618205%2CISBN%3,2026-09-26T19:50:33+00:00
9780195333015,Wahhabi Islam : from revival and reform to global Jihad,Natana J DeLong-Bas,openlibrary: 404 Client Error: Not Found for url: https://openlibrary.org/api/books?bibkeys=ISBN%3A9780002613323%2CISBN%3A9780002614511%2CISBN%3A9780002614528%2CISBN%3A9780002615075%2CISBN%3A9780002618205%2CISBN%3,2026-09-26T19:50:33+00:00
9780197259719,"William Harborne and the trade with Turkey, 1578-1582",British Academy Staff,openlibrary: 404 Client Error: Not Found for url: https://openlibrary.org/api/books?bibkeys=ISBN%3A9780002613323%2CISBN%3A9780002614511%2CISBN%3A9780002614528%2CISBN%3A9780002615075%2CISBN%3A9780002618205%2CISBN%3,2026-09-26T19:50:33+00:00
9780198158387,Turkish grammar,Geoffrey Lewis,openlibrary: 404 Client Error: Not Found for url: https://openlibrary.org/api/books?bibkeys=ISBN%3A9780002613323%2CISBN%3A9780002614511%2CISBN%3A9780002614528%2CISBN%3A9780002615075%2CISBN%3A9780002618205%2CISBN%3,2026-09-26T19:50:33+00:00
9780198253129,Studies in old Ottoman criminal law,Uriel Heyd,openlibrary: 404 Client Error: Not Found for url: https://openlibrary.org/api/books?bibkeys=ISBN%3A9780002613323%2CISBN%3A9780002614511%2CISBN%3A9780002614528%2CISBN%3A9780002615075%2CISBN%3A9780002618205%2CISBN%3,2026-09-26T19:50:33+00:00
9780198641070,An English-Turkish dictionary,"İz, Fahir",openlibrary: 404 Client Error: Not Found for url: https://openlibrary.org/api/books?bibkeys=ISBN%3A9780002613323%2CISBN%3A9780002614511%2CISBN%3A9780002614528%2CISBN%3A9780002615075%2CISBN%3A9780002618205%2CISBN%3,2026-09-26T19:50:33+00:00
9780198641094,The Concise Oxford Turkish Dictionary,A. D. Alderson; Fahir Iz,openlibrary: 404 Client Error: Not Found for url: https://openlibrary.org/api/books?bibkeys=ISBN%3A9780002613323%2CISBN%3A9780002614511%2CISBN%3A9780002614528%2CISBN%3A9780002615075%2CISBN%3A9780002618205%2CISBN%3,2026-09-26T19:50:33+00:00
9780198641124,An etymological dictionary of pre-thirteenth-century Turkish,Gerard Clauson,openlibrary: 404 Client Error: Not Found for url: https://openlibrary.org/api/books?bibkeys=ISBN%3A9780002613323%2CISBN%3A9780002614511%2CISBN%3A9780002614528%2CISBN%3A9780002615075%2CISBN%3A9780002618205%2CISBN%3,2026-09-26T19:50:33+00:00
9780198641247,The Oxford Turkish-English dictionary,H. C. Hony,openlibrary: 404 Client Error: Not Found for url: https://openlibrary.org/api/books?bibkeys=ISBN%3A9780198641247%2CISBN%3A9780198641902%2CISBN%3A9780199147991%2CISBN%3A9780199208500%2CISBN%3A9780201379624%2CISBN%3,2026-09-26T19:50:33+00:00
9780198641902,The Oxford Turkish dictionary,Fahir İz,openlibrary: 404 Client Error: Not Found for url: https://openlibrary.org/api/books?bibkeys=ISBN%3A9780198641247%2CISBN%3A9780198641902%2CISBN%3A9780199147991%2CISBN%3A9780199208500%2CISBN%3A9780201379624%2CISBN%3,2026-09-26T19:50:33+00:00
9780199147991,Complete chemistry,Rose Marie Gallagher,openlibrary: 404 Client Error: Not Found for url: https://openlibrary.org/api/books?bibkeys=ISBN%3A9780198641247%2CISBN%3A9780198641902%2CISBN%3A9780199147991%2CISBN%3A9780199208500%2CISBN%3A9780201379624%2CISBN%3,2026-09-26T19:50:33+00:00
9780199208500,Polis : an introduction to the ancient Greek city-state,Mogens Herman Hansen,openlibrary: 404 Client Error: Not Found for url: https://openlibrary.org/api/books?bibkeys=ISBN%3A9780198641247%2CISBN%3A9780198641902%2CISBN%3A9780199147991%2CISBN%3A9780199208500%2CISBN%3A9780201379624%2CISBN%3,2026-09-26T19:50:33+00:00
9780201379624,"IBG integral business glossary : grammar, vocabulary and phonetic for business students. - 1 ed.","Muñoz González, Rubén Darío; Bonilla Acosta, José Julián",openlibrary: 404 Client Error: Not Found for url: https://openlibrary.org/api/books?bibkeys=ISBN%3A9780198641247%2CISBN%3A9780198641902%2CISBN%3A9780199147991%2CISBN%3A9780199208500%2CISBN%3A9780201379624%2CISBN%3,2026-09-26T19:50:33+00:00
9780205361267,"Educational research : quantitative, qualitative, and mixed approaches",Burke Johnson,openlibrary: 404 Client Error: Not Found for url: https://openlibrary.org/api/books?bibkeys=ISBN%3A9780198641247%2CISBN%3A9780198641902%2CISBN%3A9780199147991%2CISBN%3A9780199208500%2CISBN%3A9780201379624%2CISBN%3,2026-09-26T19:50:33+00:00
9780231055789,"The sultan's servants : the transformation of Ottoman provincial government, 1550-1650","Kunt, İ. Metin, 1942-",openlibrary: 404 Client Error: Not Found for url: https://openlibrary.org/api/books?bibkeys=ISBN%3A9780198641247%2CISBN%3A9780198641902%2CISBN%3A9780199147991%2CISBN%3A9780199208500%2CISBN%3A9780201379624%2CISBN%3,2026-09-26T19:50:33+00:00
9780245507076,Harrap's parler le turc en voyage,Harrap,openlibrary: 404 Client Error: Not Found for url: https://openlibrary.org/api/books?bibkeys=ISBN%3A9780198641247%2CISBN%3A9780198641902%2CISBN%3A9780199147991%2CISBN%3A9780199208500%2CISBN%3A9780201379624%2CISBN%3,2026-09-26T19:50:33+00:00
9780245547522,Harrap's Turkish phrase book,,openlibrary: 404 Client Error: Not Found for url: https://openlibrary.org/api/books?bibkeys=ISBN%3A9780198641247%2CISBN%3A9780198641902%2CISBN%3A9780199147991%2CISBN%3A9780199208500%2CISBN%3A9780201379624%2CISBN%3,2026-09-26T19:50:33+00:00
9780245549762,"Langenscheidt's standard Turkish dictionary : English-Turkish, Turkish-English","Akdikmen, Resuhi",openlibrary: 404 Client Error: Not Found for url: https://openlibrary.org/api/books?bibkeys=ISBN%3A9780198641247%2CISBN%3A9780198641902%2CISBN%3A9780199147991%2CISBN%3A9780199208500%2CISBN%3A9780201379624%2CISBN%3,2026-09-26T19:50:33+00:00
9780256069204,Production and operations management : a life cycle approach,Richard B Chase,openlibrary: 404 Client Error: Not Found for url: https://openlibrary.org/api/books?bibkeys=ISBN%3A9780198641247%2CISBN%3A9780198641902%2CISBN%3A9780199147991%2CISBN%3A9780199208500%2CISBN%3A9780201379624%2CISBN%3,2026-09-26T19:50:33+00:00
9780262210065,Turkish grammar,Robert Underhill,openlibrary: 404 Client Error: Not Found for url: https://openlibrary.org/api/books?bibkeys=ISBN%3A9780198641247%2CISBN%3A9780198641902%2CISBN%3A9780199147991%2CISBN%3A9780199208500%2CISBN%3A9780201379624%2CISBN%3,2026-09-26T19:50:33+00:00
9780292704718,Ottoman lyric poetry : an anthology,Walter G Andrews,openlibrary: 404 Client Error: Not Found for url: https://openlibrary.org/api/books?bibkeys=ISBN%3A9780198641247%2CISBN%3A9780198641902%2CISBN%3A9780199147991%2CISBN%3A9780199208500%2CISBN%3A9780201379624%2CISBN%3,2026-09-26T19:50:33+00:00
9780292704725,Ottoman lyric poetry : an anthology,Walter G Andrews,openlibrary: 404 Client Error: Not Found for url: https://openlibrary.org/api/books?bibkeys=ISBN%3A9780198641247%2CISBN%3A9780198641902%2CISBN%3A9780199147991%2CISBN%3A9780199208500%2CISBN%3A9780201379624%2CISBN%3,2026-09-26T19:50:33+00:00
9780292738096,Istanbul boy,Aziz Nesin,openlibrary: 404 Client Error: Not Found for url: https://openlibrary.org/api/books?bibkeys=ISBN%3A9780198641247%2CISBN%3A9780198641902%2CISBN%3A9780199147991%2CISBN%3A9780199208500%2CISBN%3A9780201379624%2CISBN%3,2026-09-26T19:50:33+00:00
9780292738102,Istanbul boy,Aziz Nesin,openlibrary: 404 Client Error: Not Found for url: https://openlibrary.org/api/books?bibkeys=ISBN%3A9780198641247%2CISBN%3A9780198641902%2CISBN%3A9780199147991%2CISBN%3A9780199208500%2CISBN%3A9780201379624%2CISBN%3,2026-09-26T19:50:33+00:00
9780292738201,Istanbul boy,Aziz Nesin,openlibrary: 404 Client Error: Not Found for url: https://openlibrary.org/api/books?bibkeys=ISBN%3A9780198641247%2CISBN%3A9780198641902%2CISBN%3A9780199147991%2CISBN%3A9780199208500%2CISBN%3A9780201379624%2CISBN%3,2026-09-26T19:50:33+00:00
9780292738645,Istanbul boy,Aziz Nesin,openlibrary: 404 Client Error: Not Found for url: https://openlibrary.org/api/books?bibkeys=ISBN%3A9780198641247%2CISBN%3A9780198641902%2CISBN%3A9780199147991%2CISBN%3A9780199208500%2CISBN%3A9780201379624%2CISBN%3,2026-09-26T19:50:33+00:00
9780295985954,Ottoman lyric poetry : an anthology,,openlibrary: 404 Client Error: Not Found for url: https://openlibrary.org/api/books?bibkeys=ISBN%3A9780198641247%2CISBN%3A9780198641902%2CISBN%3A9780199147991%2CISBN%3A9780199208500%2CISBN%3A9780201379624%2CISBN%3,2026-09-26T19:50:33+00:00
9780295986517,Spoken Uyghur,Reinhard F. Hahn,openlibrary: 404 Client Error: Not Found for url: https://openlibrary.org/api/books?bibkeys=ISBN%3A9780198641247%2CISBN%3A9780198641902%2CISBN%3A9780199147991%2CISBN%3A9780199208500%2CISBN%3A9780201379624%2CISBN%3,2026-09-26T19:50:33+00:00
9780300043143,Reign of Nabonidus King of Babylon,Paul-Alain Beaulieu,openlibrary: 404 Client Error: Not Found for url: https://openlibrary.org/api/books?bibkeys=ISBN%3A9780198641247%2CISBN%3A9780198641902%2CISBN%3A9780199147991%2CISBN%3A9780199208500%2CISBN%3A9780201379624%2CISBN%3,2026-09-26T19:50:33+00:00
9780304323784,Judaism and ecology,Aubrey Rose,openlibrary: 404 Client Error: Not Found for url: https://openlibrary.org/api/books?bibkeys=ISBN%3A9780198641247%2CISBN%3A9780198641902%2CISBN%3A9780199147991%2CISBN%3A9780199208500%2CISBN%3A9780201379624%2CISBN%3,2026-09-26T19:50:33+00:00
9780312129026,Hayek : economist and social philosopher : a critical retrospect,,openlibrary: 404 Client Error: Not Found for url: https://openlibrary.org/api/books?bibkeys=ISBN%3A9780198641247%2CISBN%3A9780198641902%2CISBN%3A9780199147991%2CISBN%3A9780199208500%2CISBN%3A9780201379624%2CISBN%3,2026-09-26T19:50:33+00:00
9780312161439,Tajikistan : the trials of independence,"Frederic Grare, Mohammad-Reza Djalili; Frederic Grare; Shirin Akiner",openlibrary: 404 Client Error: Not Found for url: https://openlibrary.org/api/books?bibkeys=ISBN%3A9780198641247%2CISBN%3A9780198641902%2CISBN%3A9780199147991%2CISBN%3A9780199208500%2CISBN%3A9780201379624%2CISBN%3,2026-09-26T19:50:33+00:00
9780316153850,Bedside kardiyoloji,Jules Constant,openlibrary: 404 Client Error: Not Found for url: https://openlibrary.org/api/books?bibkeys=ISBN%3A9780198641247%2CISBN%3A9780198641902%2CISBN%3A9780199147991%2CISBN%3A9780199208500%2CISBN%3A9780201379624%2CISBN%3,2026-09-26T19:50:33+00:00
9780320000997,Diccionario Turco - Español /Español - Turco,Atilla,openlibrary: 404 Client Error: Not Found for url: https://openlibrary.org/api/books?bibkeys=ISBN%3A9780198641247%2CISBN%3A9780198641902%2CISBN%3A9780199147991%2CISBN%3A9780199208500%2CISBN%3A9780201379624%2CISBN%3,2026-09-26T19:50:33+00:00
9780320016523,Turkish to English and English to Turkish Dictionary of Business Terms,Bayram,openlibrary: 404 Client Error: Not Found for url: https://openlibrary.org/api/books?bibkeys=ISBN%3A9780198641247%2CISBN%3A9780198641902%2CISBN%3A9780199147991%2CISBN%3A9780199208500%2CISBN%3A9780201379624%2CISBN%3,2026-09-26T19:50:33+00:00
9780320016936,Best Technical Dictionary,,openlibrary: 404 Client Error: Not Found for url: https://openlibrary.org/api/books?bibkeys=ISBN%3A9780198641247%2CISBN%3A9780198641902%2CISBN%3A9780199147991%2CISBN%3A9780199208500%2CISBN%3A9780201379624%2CISBN%3,2026-09-26T19:50:33+00:00
9780333542835,Marx'ın Kriz Teorisi,"Clarke, Simon",openlibrary: 404 Client Error: Not Found for url: https://openlibrary.org/api/books?bibkeys=ISBN%3A9780198641247%2CISBN%3A9780198641902%2CISBN%3A9780199147991%2CISBN%3A9780199208500%2CISBN%3A9780201379624%2CISBN%3,2026-09-26T19:50:33+00:00
9780340000427,"Langenscheidt's universal dictionary : Turkish-English, English-Turkish","Kornrumpf, Hans-Jürgen",openlibrary: 404 Client Error: Not Found for url: https://openlibrary.org/api/books?bibkeys=ISBN%3A9780198641247%2CISBN%3A9780198641902%2CISBN%3A9780199147991%2CISBN%3A9780199208500%2CISBN%3A9780201379624%2CISBN%3,2026-09-26T19:50:33+00:00
9780340058282,Turkish,"Lewis, Geoffrey L",openlibrary: 404 Client Error: Not Found for url: https://openlibrary.org/api/books?bibkeys=ISBN%3A9780198641247%2CISBN%3A9780198641902%2CISBN%3A9780199147991%2CISBN%3A9780199208500%2CISBN%3A9780201379624%2CISBN%3,2026-09-26T19:50:33+00:00
9780340107713,Canavar hırsızları,David Forrest,openlibrary: 404 Client Error: Not Found for url: https://openlibrary.org/api/books?bibkeys=ISBN%3A9780198641247%2CISBN%3A9780198641902%2CISBN%3A9780199147991%2CISBN%3A9780199208500%2CISBN%3A9780201379624%2CISBN%3,2026-09-26T19:50:33+00:00
9780340395554,Langenscheidt's standard Turkish dictionary,Resuhi Akdikmen,openlibrary: 404 Client Error: Not Found for url: https://openlibrary.org/api/books?bibkeys=ISBN%3A9780198641247%2CISBN%3A9780198641902%2CISBN%3A9780199147991%2CISBN%3A9780199208500%2CISBN%3A9780201379624%2CISBN%3,2026-09-26T19:50:33+00:00
9780340492314,Turkish,"Lewis, Geoffrey L",openlibrary: 404 Client Error: Not Found for url: https://openlibrary.org/api/books?bibkeys=ISBN%3A9780198641247%2CISBN%3A9780198641902%2CISBN%3A9780199147991%2CISBN%3A9780199208500%2CISBN%3A9780201379624%2CISBN%3,2026-09-26T19:50:33+00:00
9780340495506,Turkish,"Lewis, Geoffrey L",openlibrary: 404 Client Error: Not Found for url: https://openlibrary.org/api/books?bibkeys=ISBN%3A9780198641247%2CISBN%3A9780198641902%2CISBN%3A9780199147991%2CISBN%3A9780199208500%2CISBN%3A9780201379624%2CISBN%3,2026-09-26T19:50:33+00:00
9780340495513,Turkish,"Lewis, Geoffrey L",openlibrary: 404 Client Error: Not Found for url: https://openlibrary.org/api/books?bibkeys=ISBN%3A9780198641247%2CISBN%3A9780198641902%2CISBN%3A9780199147991%2CISBN%3A9780199208500%2CISBN%3A9780201379624%2CISBN%3,2026-09-26T19:50:33+00:00
9780340500040,Turkish in a week,Tayfun C̨ağa,openlibrary: 404 Client Error: Not Found for url: https://openlibrary.org/api/books?bibkeys=ISBN%3A9780198641247%2CISBN%3A9780198641902%2CISBN%3A9780199147991%2CISBN%3A9780199208500%2CISBN%3A9780201379624%2CISBN%3,2026-09-26T19:50:33+00:00
9780340845349,Beginner's Turkish,"Pollard, Asuman Çelen",openlibrary: 404 Client Error: Not Found for url: https://openlibrary.org/api/books?bibkeys=ISBN%3A9780198641247%2CISBN%3A9780198641902%2CISBN%3A9780199147991%2CISBN%3A9780199208500%2CISBN%3A9780201379624%2CISBN%3,2026-09-26T19:50:33+00:00
9780340845356,Beginner's Turkish,Asuman Çelen Pollard,openlibrary: 404 Client Error: Not Found for url: https://openlibrary.org/api/books?bibkeys=ISBN%3A9780198641247%2CISBN%3A9780198641902%2CISBN%3A9780199147991%2CISBN%3A9780199208500%2CISBN%3A9780201379624%2CISBN%3,2026-09-26T19:50:33+00:00
9780340845363,Beginner's Turkish,"Pollard, Asuman Çelen",openlibrary: 404 Client Error: Not Found for url: https://openlibrary.org/api/books?bibkeys=ISBN%3A9780198641247%2CISBN%3A9780198641902%2CISBN%3A9780199147991%2CISBN%3A9780199208500%2CISBN%3A9780201379624%2CISBN%3,2026-09-26T19:50:33+00:00
9780340845387,Beginner's Turkish,"Pollard, Asuman Çelen",openlibrary: 404 Client Error: Not Found for url: https://openlibrary.org/api/books?bibkeys=ISBN%3A9780198641247%2CISBN%3A9780198641902%2CISBN%3A9780199147991%2CISBN%3A9780199208500%2CISBN%3A9780201379624%2CISBN%3,2026-09-26T19:50:33+00:00
9780340871058,Turkish,David Pollard,openlibrary: 404 Client Error: Not Found for url: https://openlibrary.org/api/books?bibkeys=ISBN%3A9780198641247%2CISBN%3A9780198641902%2CISBN%3A9780199147991%2CISBN%3A9780199208500%2CISBN%3A9780201379624%2CISBN%3,2026-09-26T19:50:33+00:00
9780345534460,Mutlu sonlar bahçesi : roman,Barbara O'Neal,openlibrary: 404 Client Error: Not Found for url: https://openlibrary.org/api/books?bibkeys=ISBN%3A9780198641247%2CISBN%3A9780198641902%2CISBN%3A9780199147991%2CISBN%3A9780199208500%2CISBN%3A9780201379624%2CISBN%3,2026-09-26T19:50:33+00:00
9780359230372,Tanri'nin Isiklari,Murat Ukray,openlibrary: 404 Client Error: Not Found for url: https://openlibrary.org/api/books?bibkeys=ISBN%3A9780198641247%2CISBN%3A9780198641902%2CISBN%3A9780199147991%2CISBN%3A9780199208500%2CISBN%3A9780201379624%2CISBN%3,2026-09-26T19:50:33+00:00
9780359256099,Tanri'nin Isiklari,Murat Ukray,openlibrary: 404 Client Error: Not Found for url: https://openlibrary.org/api/books?bibkeys=ISBN%3A9780198641247%2CISBN%3A9780198641902%2CISBN%3A9780199147991%2CISBN%3A9780199208500%2CISBN%3A9780201379624%2CISBN%3,2026-09-26T19:50:33+00:00
9780359656417,İçimizdeki Şeytan,Sabahattin Ali,openlibrary: 404 Client Error: Not Found for url: https://openlibrary.org/api/books?bibkeys=ISBN%3A9780198641247%2CISBN%3A9780198641902%2CISBN%3A9780199147991%2CISBN%3A9780199208500%2CISBN%3A9780201379624%2CISBN%3,2026-09-26T19:50:33+00:00
9780368590221,Bisiklet Sehirciligine Kisa Bir Giris,Mikael Colville-Andersen,openlibrary: 404 Client Error: Not Found for url: https://openlibrary.org/api/books?bibkeys=ISBN%3A9780198641247%2CISBN%3A9780198641902%2CISBN%3A9780199147991%2CISBN%3A9780199208500%2CISBN%3A9780201379624%2CISBN%3,2026-09-26T19:50:33+00:00
9780370302409,Peter's Chair,Ezra Jack Keats; Taner Baybars,openlibrary: 404 Client Error: Not Found for url: https://openlibrary.org/api/books?bibkeys=ISBN%3A9780198641247%2CISBN%3A9780198641902%2CISBN%3A9780199147991%2CISBN%3A9780199208500%2CISBN%3A9780201379624%2CISBN%3,2026-09-26T19:50:33+00:00
9780370325453,The alchemist's apprentice,Kate Thompson,openlibrary: 404 Client Error: Not Found for url: https://openlibrary.org/api/books?bibkeys=ISBN%3A9780198641247%2CISBN%3A9780198641902%2CISBN%3A9780199147991%2CISBN%3A9780199208500%2CISBN%3A9780201379624%2CISBN%3,2026-09-26T19:50:33+00:00
9780374529260,Hadrianus'un Anıları,Marguerite Yourcenar,openlibrary: 404 Client Error: Not Found for url: https://openlibrary.org/api/books?bibkeys=ISBN%3A9780198641247%2CISBN%3A9780198641902%2CISBN%3A9780199147991%2CISBN%3A9780199208500%2CISBN%3A9780201379624%2CISBN%3,2026-09-26T19:50:33+00:00
9780387238371,Basics of fluid mechanics and introduction to computational fluid dynamics,Titus Petrila,openlibrary: 404 Client Error: Not Found for url: https://openlibrary.org/api/books?bibkeys=ISBN%3A9780387238371%2CISBN%3A9780387238388%2CISBN%3A9780394710167%2CISBN%3A9780395593035%2CISBN%3A9780405053481%2CISBN%3,2026-09-26T19:50:33+00:00
9780387238388,Basics of fluid mechanics and introduction to computational fluid dynamics,Titus Petrila,openlibrary: 404 Client Error: Not Found for url: https://openlibrary.org/api/books?bibkeys=ISBN%3A9780387238371%2CISBN%3A9780387238388%2CISBN%3A9780394710167%2CISBN%3A9780395593035%2CISBN%3A9780405053481%2CISBN%3,2026-09-26T19:50:33+00:00
9780394710167,"Memed, My Hawk",Yaşar Kemal,openlibrary: 404 Client Error: Not Found for url: https://openlibrary.org/api/books?bibkeys=ISBN%3A9780387238371%2CISBN%3A9780387238388%2CISBN%3A9780394710167%2CISBN%3A9780395593035%2CISBN%3A9780405053481%2CISBN%3,2026-09-26T19:50:33+00:00
9780395593035,Türkiyeʼde nüfus meselesi,Sabahattin Zaim,openlibrary: 404 Client Error: Not Found for url: https://openlibrary.org/api/books?bibkeys=ISBN%3A9780387238371%2CISBN%3A9780387238388%2CISBN%3A9780394710167%2CISBN%3A9780395593035%2CISBN%3A9780405053481%2CISBN%3,2026-09-26T19:50:33+00:00
9780405053481,The life of Midhat Pasha.,Ali Haydar Mithat,openlibrary: 404 Client Error: Not Found for url: https://openlibrary.org/api/books?bibkeys=ISBN%3A9780387238371%2CISBN%3A9780387238388%2CISBN%3A9780394710167%2CISBN%3A9780395593035%2CISBN%3A9780405053481%2CISBN%3,2026-09-26T19:50:33+00:00
9780405053689,History of Bokhara.,Ármin Vámbéry,openlibrary: 404 Client Error: Not Found for url: https://openlibrary.org/api/books?bibkeys=ISBN%3A9780387238371%2CISBN%3A9780387238388%2CISBN%3A9780394710167%2CISBN%3A9780395593035%2CISBN%3A9780405053481%2CISBN%3,2026-09-26T19:50:33+00:00
9780413767202,Pinocchio (Modern Plays),Carlo Collodi,openlibrary: 404 Client Error: Not Found for url: https://openlibrary.org/api/books?bibkeys=ISBN%3A9780387238371%2CISBN%3A9780387238388%2CISBN%3A9780394710167%2CISBN%3A9780395593035%2CISBN%3A9780405053481%2CISBN%3,2026-09-26T19:50:33+00:00
9780415029339,Turkish at your fingertips,Unknown,openlibrary: 404 Client Error: Not Found for url: https://openlibrary.org/api/books?bibkeys=ISBN%3A9780387238371%2CISBN%3A9780387238388%2CISBN%3A9780394710167%2CISBN%3A9780395593035%2CISBN%3A9780405053481%2CISBN%3,2026-09-26T19:50:33+00:00
9780415040730,Colloquial Turkish,Arın Bayraktaroğlu,openlibrary: 404 Client Error: Not Found for url: https://openlibrary.org/api/books?bibkeys=ISBN%3A9780387238371%2CISBN%3A9780387238388%2CISBN%3A9780394710167%2CISBN%3A9780395593035%2CISBN%3A9780405053481%2CISBN%3,2026-09-26T19:50:33+00:00
9780415040747,Colloquial Turkish,Arın Bayraktaroğlu,openlibrary: 404 Client Error: Not Found for url: https://openlibrary.org/api/books?bibkeys=ISBN%3A9780387238371%2CISBN%3A9780387238388%2CISBN%3A9780394710167%2CISBN%3A9780395593035%2CISBN%3A9780405053481%2CISBN%3,2026-09-26T19:50:33+00:00
9780415040754,Colloquial Turkish,Arın Bayraktaroğlu,openlibrary: 404 Client Error: Not Found for url: https://openlibrary.org/api/books?bibkeys=ISBN%3A9780387238371%2CISBN%3A9780387238388%2CISBN%3A9780394710167%2CISBN%3A9780395593035%2CISBN%3A9780405053481%2CISBN%3,2026-09-26T19:50:33+00:00
9780415157469,Colloquial Turkish : the complete course for beginners,Ad Beckus; Jeroen Aarssen,openlibrary: 404 Client Error: Not Found for url: https://openlibrary.org/api/books?bibkeys=ISBN%3A9780387238371%2CISBN%3A9780387238388%2CISBN%3A9780394710167%2CISBN%3A9780395593035%2CISBN%3A9780405053481%2CISBN%3,2026-09-26T19:50:33+00:00
9780415157476,Colloquial Turkish : the complete course for beginners 2,Jeroen Aarssen; Ad Backus,openlibrary: 404 Client Error: Not Found for url: https://openlibrary.org/api/books?bibkeys=ISBN%3A9780387238371%2CISBN%3A9780387238388%2CISBN%3A9780394710167%2CISBN%3A9780395593035%2CISBN%3A9780405053481%2CISBN%3,2026-09-26T19:50:33+00:00
9780415304948,Colloquial Turkish : the complete course for beginners,Ad Beckus; Jeroen Aarssen,openlibrary: 404 Client Error: Not Found for url: https://openlibrary.org/api/books?bibkeys=ISBN%3A9780387238371%2CISBN%3A9780387238388%2CISBN%3A9780394710167%2CISBN%3A9780395593035%2CISBN%3A9780405053481%2CISBN%3,2026-09-26T19:50:33+00:00
9780415407175,Social capital 2 : Critical Concepts in the social sciences,,openlibrary: 404 Client Error: Not Found for url: https://openlibrary.org/api/books?bibkeys=ISBN%3A9780387238371%2CISBN%3A9780387238388%2CISBN%3A9780394710167%2CISBN%3A9780395593035%2CISBN%3A9780405053481%2CISBN%3,2026-09-26T19:50:33+00:00
9780415427036,Colloquial Turkish : the complete course for beginners,Ad Beckus; Jeroen Aarssen,openlibrary: 404 Client Error: Not Found for url: https://openlibrary.org/api/books?bibkeys=ISBN%3A9780387238371%2CISBN%3A9780387238388%2CISBN%3A9780394710167%2CISBN%3A9780395593035%2CISBN%3A9780405053481%2CISBN%3,2026-09-26T19:50:33+00:00
9780415493383,The Routledge introduction to literary Ottoman,Korkut M. Buğday,openlibrary: 404 Client Error: Not Found for url: https://openlibrary.org/api/books?bibkeys=ISBN%3A9780387238371%2CISBN%3A9780387238388%2CISBN%3A9780394710167%2CISBN%3A9780395593035%2CISBN%3A9780405053481%2CISBN%3,2026-09-26T19:50:33+00:00
9780415494380,The Routledge introduction to literary Ottoman,Korkut M. Buğday,openlibrary: 404 Client Error: Not Found for url: https://openlibrary.org/api/books?bibkeys=ISBN%3A9780387238371%2CISBN%3A9780387238388%2CISBN%3A9780394710167%2CISBN%3A9780395593035%2CISBN%3A9780405053481%2CISBN%3,2026-09-26T19:50:33+00:00
9780416069426,Our House (The Terraced House Books),Peter C. Heaslip,openlibrary: 404 Client Error: Not Found for url: https://openlibrary.org/api/books?bibkeys=ISBN%3A9780387238371%2CISBN%3A9780387238388%2CISBN%3A9780394710167%2CISBN%3A9780395593035%2CISBN%3A9780405053481%2CISBN%3,2026-09-26T19:50:33+00:00
9780450016004,The Seychelles and Sri Lanka (formerly Ceylon),Ken Hill,openlibrary: 404 Client Error: Not Found for url: https://openlibrary.org/api/books?bibkeys=ISBN%3A9780387238371%2CISBN%3A9780387238388%2CISBN%3A9780394710167%2CISBN%3A9780395593035%2CISBN%3A9780405053481%2CISBN%3,2026-09-26T19:50:33+00:00
9780463012758,GECE YOLCULUĞU,Faruk Arslan,openlibrary: 404 Client Error: Not Found for url: https://openlibrary.org/api/books?bibkeys=ISBN%3A9780387238371%2CISBN%3A9780387238388%2CISBN%3A9780394710167%2CISBN%3A9780395593035%2CISBN%3A9780405053481%2CISBN%3,2026-09-26T19:50:33+00:00
9780463082188,Barbarların Son Seferi,Veysel Ayhan,openlibrary: 404 Client Error: Not Found for url: https://openlibrary.org/api/books?bibkeys=ISBN%3A9780387238371%2CISBN%3A9780387238388%2CISBN%3A9780394710167%2CISBN%3A9780395593035%2CISBN%3A9780405053481%2CISBN%3,2026-09-26T19:50:33+00:00
9780463118146,Biz Dünyada Göçer Olduk (Göç Şiirleri Antolojisi),Ali Topdağ,openlibrary: 404 Client Error: Not Found for url: https://openlibrary.org/api/books?bibkeys=ISBN%3A9780387238371%2CISBN%3A9780387238388%2CISBN%3A9780394710167%2CISBN%3A9780395593035%2CISBN%3A9780405053481%2CISBN%3,2026-09-26T19:50:33+00:00
9780463138137,RENKLERİ AĞLATAN YAVRULAR,Hatice Dönmez,openlibrary: 404 Client Error: Not Found for url: https://openlibrary.org/api/books?bibkeys=ISBN%3A9780387238371%2CISBN%3A9780387238388%2CISBN%3A9780394710167%2CISBN%3A9780395593035%2CISBN%3A9780405053481%2CISBN%3,2026-09-26T19:50:33+00:00
9780463148310,Sözüm Bize,Ali Topdağ,openlibrary: 404 Client Error: Not Found for url: https://openlibrary.org/api/books?bibkeys=ISBN%3A9780387238371%2CISBN%3A9780387238388%2CISBN%3A9780394710167%2CISBN%3A9780395593035%2CISBN%3A9780405053481%2CISBN%3,2026-09-26T19:50:33+00:00
9780463340332,BEŞİK KERTMESİ,Yasemin Meral Milhan,openlibrary: 404 Client Error: Not Found for url: https://openlibrary.org/api/books?bibkeys=ISBN%3A9780387238371%2CISBN%3A9780387238388%2CISBN%3A9780394710167%2CISBN%3A9780395593035%2CISBN%3A9780405053481%2CISBN%3,2026-09-26T19:50:33+00:00
9780463355978,SESSİZ ÇIĞLIKLAR,Fuat Baran,openlibrary: 404 Client Error: Not Found for url: https://openlibrary.org/api/books?bibkeys=ISBN%3A9780387238371%2CISBN%3A9780387238388%2CISBN%3A9780394710167%2CISBN%3A9780395593035%2CISBN%3A9780405053481%2CISBN%3,2026-09-26T19:50:33+00:00
9780463358832,Beklentiler ve Gerçekler,H. Emre Yaman,openlibrary: 404 Client Error: Not Found for url: https://openlibrary.org/api/books?bibkeys=ISBN%3A9780387238371%2CISBN%3A9780387238388%2CISBN%3A9780394710167%2CISBN%3A9780395593035%2CISBN%3A9780405053481%2CISBN%3,2026-09-26T19:50:33+00:00
9780463370391,Eğlencelik Sorular,Yücel Darcan,openlibrary: 404 Client Error: Not Found for url: https://openlibrary.org/api/books?bibkeys=ISBN%3A9780387238371%2CISBN%3A9780387238388%2CISBN%3A9780394710167%2CISBN%3A9780395593035%2CISBN%3A9780405053481%2CISBN%3,2026-09-26T19:50:33+00:00
9780463461600,Çekirdekte Tefekkür Deneyi,Emin Osman Uygur,openlibrary: 404 Client Error: Not Found for url: https://openlibrary.org/api/books?bibkeys=ISBN%3A9780387238371%2CISBN%3A9780387238388%2CISBN%3A9780394710167%2CISBN%3A9780395593035%2CISBN%3A9780405053481%2CISBN%3,2026-09-26T19:50:33+00:00
9780463522424,Kristal Küre Birliği,Ceyhun Özçelik,openlibrary: 404 Client Error: Not Found for url: https://openlibrary.org/api/books?bibkeys=ISBN%3A9780387238371%2CISBN%3A9780387238388%2CISBN%3A9780394710167%2CISBN%3A9780395593035%2CISBN%3A9780405053481%2CISBN%3,2026-09-26T19:50:33+00:00
9780463525050,"Kaak Ruh (Ruhlar Denizi, #1)",Birtan zsoy,openlibrary: 404 Client Error: Not Found for url: https://openlibrary.org/api/books?bibkeys=ISBN%3A9780387238371%2CISBN%3A9780387238388%2CISBN%3A9780394710167%2CISBN%3A9780395593035%2CISBN%3A9780405053481%2CISBN%3,2026-09-26T19:50:33+00:00
9780463659090,Evrenin Anahtarı,Ceyhun Özçelik,openlibrary: 404 Client Error: Not Found for url: https://openlibrary.org/api/books?bibkeys=ISBN%3A9780387238371%2CISBN%3A9780387238388%2CISBN%3A9780394710167%2CISBN%3A9780395593035%2CISBN%3A9780405053481%2CISBN%3,2026-09-26T19:50:33+00:00
9780463887639,Metamorfoz Portreler,Bülent Korucu,openlibrary: 404 Client Error: Not Found for url: https://openlibrary.org/api/books?bibkeys=ISBN%3A9780387238371%2CISBN%3A9780387238388%2CISBN%3A9780394710167%2CISBN%3A9780395593035%2CISBN%3A9780405053481%2CISBN%3,2026-09-26T19:50:33+00:00
9780463908570,Unity ile Puzzle Oyun Yapimi,Hüseyin Günel,openlibrary: 404 Client Error: Not Found for url: https://openlibrary.org/api/books?bibkeys=ISBN%3A9780387238371%2CISBN%3A9780387238388%2CISBN%3A9780394710167%2CISBN%3A9780395593035%2CISBN%3A9780405053481%2CISBN%3,2026-09-26T19:50:33+00:00
9780464710363,Baba,Semih Aydin,openlibrary: 404 Client Error: Not Found for url: https://openlibrary.org/api/books?bibkeys=ISBN%3A9780387238371%2CISBN%3A9780387238388%2CISBN%3A9780394710167%2CISBN%3A9780395593035%2CISBN%3A9780405053481%2CISBN%3,2026-09-26T19:50:33+00:00
9780470804704,Festival and special event management,"McDonnell, Ian",openlibrary: 404 Client Error: Not Found for url: https://openlibrary.org/api/books?bibkeys=ISBN%3A9780387238371%2CISBN%3A9780387238388%2CISBN%3A9780394710167%2CISBN%3A9780395593035%2CISBN%3A9780405053481%2CISBN%3,2026-09-26T19:50:33+00:00
9780471037446,Simplified design of building structures,James Ambrose,openlibrary: 404 Client Error: Not Found for url: https://openlibrary.org/api/books?bibkeys=ISBN%3A9780387238371%2CISBN%3A9780387238388%2CISBN%3A9780394710167%2CISBN%3A9780395593035%2CISBN%3A9780405053481%2CISBN%3,2026-09-26T19:50:33+00:00
9780471521990,Managing organizational behavior,John R Schermerhorn,openlibrary: 404 Client Error: Not Found for url: https://openlibrary.org/api/books?bibkeys=ISBN%3A9780387238371%2CISBN%3A9780387238388%2CISBN%3A9780394710167%2CISBN%3A9780395593035%2CISBN%3A9780405053481%2CISBN%3,2026-09-26T19:50:33+00:00
9780473648411,Kutsamanın Müthiş Gücü,Richard Brunton,openlibrary: 404 Client Error: Not Found for url: https://openlibrary.org/api/books?bibkeys=ISBN%3A9780387238371%2CISBN%3A9780387238388%2CISBN%3A9780394710167%2CISBN%3A9780395593035%2CISBN%3A9780405053481%2CISBN%3,2026-09-26T19:50:33+00:00
9780486250649,Elementary Turkish,"Thomas, Lewis V. (Lewis Victor), 1914-1965",openlibrary: 404 Client Error: Not Found for url: https://openlibrary.org/api/books?bibkeys=ISBN%3A9780387238371%2CISBN%3A9780387238388%2CISBN%3A9780394710167%2CISBN%3A9780395593035%2CISBN%3A9780405053481%2CISBN%3,2026-09-26T19:50:33+00:00
9780518190059,Türkçeden İngilizceye lugat kitabı,Sir James W. Redhouse,openlibrary: 404 Client Error: Not Found for url: https://openlibrary.org/api/books?bibkeys=ISBN%3A9780387238371%2CISBN%3A9780387238388%2CISBN%3A9780394710167%2CISBN%3A9780395593035%2CISBN%3A9780405053481%2CISBN%3,2026-09-26T19:50:33+00:00
9780521001830,A guide to asperger syndrome,Christopher Gilberg,openlibrary: 404 Client Error: Not Found for url: https://openlibrary.org/api/books?bibkeys=ISBN%3A9780387238371%2CISBN%3A9780387238388%2CISBN%3A9780394710167%2CISBN%3A9780395593035%2CISBN%3A9780405053481%2CISBN%3,2026-09-26T19:50:33+00:00
9780521149648,A student grammar of Turkish,F. Nihan Ketrez,openlibrary: 404 Client Error: Not Found for url: https://openlibrary.org/api/books?bibkeys=ISBN%3A9780387238371%2CISBN%3A9780387238388%2CISBN%3A9780394710167%2CISBN%3A9780395593035%2CISBN%3A9780405053481%2CISBN%3,2026-09-26T19:50:33+00:00
9780521387798,Second language teacher education,,openlibrary: 404 Client Error: Not Found for url: https://openlibrary.org/api/books?bibkeys=ISBN%3A9780387238371%2CISBN%3A9780387238388%2CISBN%3A9780394710167%2CISBN%3A9780395593035%2CISBN%3A9780405053481%2CISBN%3,2026-09-26T19:50:33+00:00
9780521435550,Language in use : intermediate Self-study workbook,Adrian Doff,openlibrary: 404 Client Error: Not Found for url: https://openlibrary.org/api/books?bibkeys=ISBN%3A9780387238371%2CISBN%3A9780387238388%2CISBN%3A9780394710167%2CISBN%3A9780395593035%2CISBN%3A9780405053481%2CISBN%3,2026-09-26T19:50:33+00:00
9780521736435,Cambridge Learners Dictionary Englishturkish,Cambridge University,openlibrary: 404 Client Error: Not Found for url: https://openlibrary.org/api/books?bibkeys=ISBN%3A9780387238371%2CISBN%3A9780387238388%2CISBN%3A9780394710167%2CISBN%3A9780395593035%2CISBN%3A9780405053481%2CISBN%3,2026-09-26T19:50:33+00:00
9780521763462,A student grammar of Turkish,F. Nihan Ketrez,openlibrary: 404 Client Error: Not Found for url: https://openlibrary.org/api/books?bibkeys=ISBN%3A9780387238371%2CISBN%3A9780387238388%2CISBN%3A9780394710167%2CISBN%3A9780395593035%2CISBN%3A9780405053481%2CISBN%3,2026-09-26T19:50:33+00:00
9780524047064,Türkische Nachrichten,Arthur Ungnad,openlibrary: 404 Client Error: Not Found for url: https://openlibrary.org/api/books?bibkeys=ISBN%3A9780387238371%2CISBN%3A9780387238388%2CISBN%3A9780394710167%2CISBN%3A9780395593035%2CISBN%3A9780405053481%2CISBN%3,2026-09-26T19:50:33+00:00
9780563400004,Turkish phrase book,"Rona, Bengisu",openlibrary: 404 Client Error: Not Found for url: https://openlibrary.org/api/books?bibkeys=ISBN%3A9780387238371%2CISBN%3A9780387238388%2CISBN%3A9780394710167%2CISBN%3A9780395593035%2CISBN%3A9780405053481%2CISBN%3,2026-09-26T19:50:33+00:00
9786056180187,Steve Jobs,Walter Isaacson,googlebooks: HTTP 429,2026-09-26T19:50:33+00:00
9783111283722,Meisterwerke der Türkischen Museen Zu Konstantinopel,Aziz Ogan; Halil Edhem,googlebooks: HTTP 429,2026-09-26T19:50:33+00:00
9786052812907,Evaluation of the distance learning systems in Turkey,Yakup Çelikbilek,googlebooks: HTTP 429,2026-09-26T19:50:33+00:00
